{"cameraMode":{"drawMode":0,"name":"Shaded","section":"Shading Mode"},"sceneLighting":false,"audioPlay":false,"sceneViewState":{"m_AlwaysRefresh":false,"showFog":true,"showSkybox":false,"showFlares":true,"showImageEffects":true,"showParticleSystems":true,"showVisualEffectGraphs":true,"m_FxEnabled":true},"in2DMode":false,"pivot":{"x":0.08423042297363281,"y":1.273369550704956,"z":0.025443315505981447},"rotation":{"x":0.004342901520431042,"y":-0.9951258897781372,"z":0.08409807831048966,"w":0.05140158534049988},"size":1.6407755613327027,"orthographic":false}